Date,Day,Time,Activity,Location,Category,Notes
9/5/2026,Saturday,7:30 AM,Final pack and gear check,,Admin,"Ends 8:30 AM.
Passports, car seats, stroller tags, formula and pumped milk in carry-on, and one change of clothes per adult in the cabin bag. The last one is not optional with two infants.
Fallback: Anything forgotten is buyable in Seoul except prescription medication and your passports.
Verify: Confirm the US passport K-ETA exemption one month out. Re-check Q-Code within a week of flying.
Source: https://overseas.mofa.go.kr/us-en/brd/m_4502/view.do?seq=715890"
9/5/2026,Saturday,8:45 AM,Leave for Seattle–Tacoma,Seattle-Tacoma International Airport,Commute,"Ends 9:30 AM.
Four hours before an international departure with nine people, two of whom cannot walk. This looks excessive and it is not.
Watch out: Three car seats have to be checked or gate-checked. Decide which before you leave, not at the counter.
Where: SEA · International check-in, Korean Air"
9/5/2026,Saturday,12:50 PM,KE042 · Seattle to Incheon,Seattle-Tacoma International Airport,Commute,"Ends 4:40 PM.
From your sheet: Jordan and Jun will be on dietary restrictions the Saturday and Sunday before their medical appointment on Monday. Refer to the handout.
BOOKED — confirmed, do not move.
Arrives 16:40 on Sunday 6 September, Korea time. Bassinet bulkhead seats are worth chasing if they are not already assigned.
Watch out: Ask Korean Air for bassinet seats now. Infant weight limits apply.
Verify: Confirm KE042 arrives at ICN Terminal 2 so your driver waits in the right place.
Note: Sea-Tac has nursing rooms in all three concourses. Feed and pump before boarding.
Where: Departs SEA · arrives ICN"
9/5/2026,Saturday,1:30 PM,Nap window — Toddler,,Rest,"Ends 3:00 PM.
Nap window. Everything else on this day is sequenced around it — shift the nap, and check what it collides with."
9/5/2026,Saturday,,"Formula, solids, and diapers · decide before you pack (Both families)",,Admin,"Timing: Before you fly.
Diapers are trivial — every Emart, Homeplus and convenience store stocks every size, and Coupang delivers to hotels. Formula is not. If either baby is on a specific US brand, you either carry twelve days of it or you switch mid-trip in a foreign country, and neither is a decision to make at 3am on day four.
Fallback: Korean baby food pouches for the seven-month-old are sold at any CU or GS25, which solves solids without planning.
Watch out: Twelve days of formula for two infants is a suitcase. Work out the volume now and decide who carries it.
Watch out: Plan laundry twice, around the 9th at Park Hyatt and the 14th at Insadong. Neither hotel has self-service."
9/5/2026,Saturday,,"Carriers, strollers, and what actually gets used (Both families)",,Admin,"Timing: Before you fly.
Three children need three answers. Soft carriers for both infants most days, one lightweight fold-flat stroller for the toddler. Mangwon Market, the Ikseon-dong alleys and the palace gravel are all carrier-only in practice. The Hyundai Seoul and the National Museum are the opposite — wide, flat and lift-served, so the stroller earns its place there.
Fallback: KPLANZ rents strollers, car seats and travel cribs in Seoul if you would rather not fly with all of it.
Watch out: Lotte World, Gyeongbokgung, COEX, and the National Museum rent strollers on site.
Source: https://www.kplanz.com/rental-baby"
9/5/2026,Saturday,,The card you hope you never use,,Admin,"Timing: Before you fly.
Write the paediatric emergency room for each leg on a card, in Korean, and put one in each adult's wallet. A taxi driver at 22:00 with a sick baby does not want an English address read off a phone.
Fallback: Park Hyatt leg: Samsung Medical Center, about ten minutes. Insadong leg: Seoul National University Hospital, five to ten minutes. Yeongjong leg: Inha University Hospital in Incheon, about twenty-five.
Verify: Confirm each hospital has a 24-hour pediatric ER, and write the addresses in Korean.
Watch out: Confirm your travel medical insurance covers pediatric ER care in Korea for all three children."
9/5/2026,Saturday,,Nap window — Infants,,Rest,"Timing: on board until as they land.
Nap window. Everything else on this day is sequenced around it — shift the nap, and check what it collides with."
9/6/2026,Sunday,4:40 PM,KE042 lands at Incheon,Incheon International Airport,Commute,"BOOKED — confirmed, do not move.
Wheels down. The clock from here to the hotel door is the part people underestimate.
Note: Terminal 2 nursing room: Level 3 near Gate 1."
9/6/2026,Sunday,4:40 PM,"Immigration, baggage, stroller retrieval",,Admin,"Ends 6:10 PM.
From your sheet: estimated time capturing deboarding, immigration, and baggage claim is about 1 hour 20 minutes.
Ninety minutes, not sixty. A Sunday 16:40 arrival lands in a bank of long-haul flights, and three car seats plus two gate-checked strollers commonly take fifteen to twenty-five minutes to appear at oversized baggage after the carousel is already done. Both infants will need feeding before anyone gets in a vehicle.
Fallback: If the queue is brutal, send one adult ahead to baggage while the rest clear passport control together.
Watch out: Ask for the priority lane at Korean immigration. Families with infants can usually use it.
Verify: Confirm current arrival paperwork for Q-Code and customs before you fly.
Watch out: Ask the crew where gate-checked strollers will arrive before you deplane."
9/6/2026,Sunday,6:10 PM,Find the driver first — before anything else,Incheon International Airport Terminal 2,Commute,"Ends 6:20 PM.
The moment the last bag is on a trolley, one adult walks straight to the meeting point and makes contact with the driver. Not the eSIM counter, not the ATM. Everything else on this page can be done late; this cannot.
Fallback: If the driver is not at the board, call the operator before you go looking. Do not wander the hall — Terminal 2 arrivals has several meeting areas and they are far apart.
Watch out: The driver waits two hours from landing. KE042 lands 16:40, so the transfer is forfeit at 18:40.
Watch out: Send one adult ahead when bags are clear. Making contact stops the clock while the group catches up.
Verify: Carry the operator's phone number on paper, not only on a phone that may not have signal.
Where: ICN Terminal 2 arrivals — operator's meeting point"
9/6/2026,Sunday,6:20 PM,"eSIM check, after the driver is found",Incheon International Airport Terminal 2,Admin,"Ends 6:30 PM.
This should be a ten-minute check, not a task, and it now happens after contact with the driver rather than before. Buy the eSIMs before you leave Seattle and activate every one of them on the gate wi-fi at Sea-Tac before boarding — Korean eSIM profiles switch on when they find the network, so five phones connect by themselves while you are still walking to immigration.
Fallback: One pocket wi-fi rental at the airport covers the whole group if a phone refuses. Sort the rest at the hotel, not in the arrivals hall.
Watch out: Activate eSIMs before boarding. Doing five phones at arrivals can burn 45 minutes and risk the driver cutoff.
Verify: Confirm every phone is carrier-unlocked and eSIM-capable before you leave Seattle.
Watch out: Finish app sign-ups that text codes before switching to a Korean eSIM. Data-only eSIMs can block US SMS.
Where: ICN arrivals hall"
9/6/2026,Sunday,6:30 PM,"Cash and T-money, one adult only",,Admin,"Ends 6:40 PM.
Airport bank ATMs take US cards and give a better rate than any exchange counter in Myeongdong. Draw enough for the whole group's incidentals in one go — Mangwon Market, the Insadong street stalls and most of the small food you will actually want are cash, and you do not want to be solving this mid-trip. Buy T-money cards at the same time from any convenience store.
Fallback: Skip it entirely if the driver is waiting. The hotel exchanges, every convenience store sells T-money, and there is an ATM in the Park Hyatt lobby. Nothing about this task is worth losing the transfer over.
Watch out: Do cash and T-money while the van loads. If the two-hour clock is close, skip it and do it at the hotel.
Watch out: Install Uber before you fly. Your existing account, number, and card work in Korea with no new sign-up.
Verify: Install Kakao T at home if you want the option, but don't arrive dependent on foreign-number verification.
Fallback: Treat k.ride as third choice. Recent reviews flag refused US, Canadian, and Australian cards."
9/6/2026,Sunday,6:45 PM,Private transfer to Park Hyatt Seoul,Park Hyatt Seoul,Commute,"Ends 8:00 PM.
From your sheet: transportation company is Seoul Private Driver. Already paid via credit card (175,000 won).
Incheon to Samseong is the long way across the city. Nine people plus luggage is two vehicles or one large van — book it before you fly with car seats specified. Contact was made at 18:10, so this departure time is yours to push by ten or fifteen minutes without penalty.
Watch out: Confirm your transfer operator supplies three infant and toddler seats. Korean law requires restraints under age 6.
Verify: Confirm whether the two-hour wait starts at scheduled landing or arrivals-hall exit.
Verify: Confirm the quoted drive time for a Sunday evening arrival.
Where: Park Hyatt Seoul, 606 Teheran-ro, Gangnam-gu"
9/6/2026,Sunday,8:00 PM,"Check in, cribs, unpack the essentials",,Lodging,"Ends 8:30 PM.
From your sheet: see the lodging tab for details.
Confirm cribs are already in the rooms. Ask about the Globalist breakfast arrangement for the whole party while you are at the desk.
Watch out: Request cribs and a bottle warmer at booking, not at check-in."
9/6/2026,Sunday,8:30 PM,"Simple dinner, in or beside the hotel",,Dining,"Ends 9:15 PM.
Room service or the convenience store. Do not book a restaurant with a start time tonight — this is the meal that gets pushed by every minute the airport takes.
Fallback: Convenience-store dinner is a completely respectable answer on arrival night.
Watch out: Take the first bowel-prep dose between 18:00 and 21:00, even if the flight ran late."
9/6/2026,Sunday,9:30 PM,Everyone down,,Rest,Sixteen hours of time difference. Expect a 03:00 wake-up across the board and do not fight it — this is why tomorrow is built the way it is.
9/6/2026,Sunday,,Nap window — All three,,Rest,"Timing: whenever.
Nap window. Everything else on this day is sequenced around it — shift the nap, and check what it collides with."
9/7/2026,Monday,4:00 AM,Second dose of bowel prep (Jun · sister · brother-in-law),,Medical,"Ends 4:20 AM.
BOOKED — confirmed, do not move.
The clinic's instruction is explicit and not flexible: second tablet dose at 04:00. This falls about eleven hours after landing, on the worst jet-lag night of the trip, and it is the single most missable item in the whole plan. It is also the one that cannot be recovered — miss it and the colonoscopy is cancelled on the spot.
Fallback: There is no fallback. If the dose is missed, call 02-2222-4888 before leaving for the clinic rather than turning up and finding out there.
Watch out: Set two alarms on two phones before anyone sleeps.
Note: Stay near a bathroom from 04:00 until you leave. Don't count on sleeping before the 07:30 taxi."
9/7/2026,Monday,6:30 AM,Fasted — no breakfast for the three (Jun · sister · brother-in-law),Park Hyatt Seoul,Medical,"Kwangdong's own preparation guidance says a light, low-fat dinner the night before and, where instructed, nothing after 21:00 — which means the fast starts on the evening of your arrival day. No breakfast, and water, coffee, milk, gum and sweets may all be restricted depending on which tests you booked.
Watch out: Tell Park Hyatt to expect a medical package 7 to 10 days before the exam, and confirm the clinic fixed the hotel name.
Note: Registration starts first-come, first-served at 08:00. Arrivals are accepted until 11:00 for an afternoon slot.
Verify: Do not stop prescriptions on your own. Declare anticoagulants and antiplatelets before endoscopy or biopsy.
Source: https://check.spgreserve.com/kwangdong-hospital/"
9/7/2026,Monday,7:30 AM,Travel to the clinic (Jun · sister · brother-in-law),Kwangdong Hospital,Commute,"Ends 7:50 AM.
Kwangdong Hospital is a five-minute taxi from the Park Hyatt, or a fifteen-minute walk past COEX. One minute from Bongeunsa Station Exit 5, on Line 9. Valet parking if a car drops you.
Watch out: Bring passports for every sedated patient. No passport means no sedated endoscopy.
Source: https://english.visitkorea.or.kr/svc/contents/MedicalKorea/contentsMedicalKoreaView.do?menuSn=923&dataSetId=116&vcontsId=232240
Where: Kwangdong Hospital · 612 Bongeunsa-ro, Gangnam-gu, Seoul (Samseong-dong)"
9/7/2026,Monday,8:00 AM,Precision specialised checkup · KD Program (Jun · sister · brother-in-law),Kwangdong Hospital,Excursion,"Ends 12:30 PM.
From your sheet: Jun, Jordan, and Narhee. First-come, first-serve, doors open at 8 AM.
BOOKED — confirmed, do not move.
Kwangdong's published run times are roughly three hours for a Standard programme and three to four for a Premium one. The KD Program adds brain MRI, brain MRA, cervical and lumbar spine MRI, pancreas and liver MRI, NK-cell activity, an echocardiogram, and a cancer gene panel, so it sits at or beyond the top of that range. Block until at least 12:30 and be relaxed about 14:00.
Cost: Kwangdong's own tiers run $400–$850 for Standard and $1,000–$3,900 for Premium, per person
Watch out: Confirm the 08:00 arrival in writing. Published weekday hours are 09:00 to 17:30.
Watch out: After sedated endoscopy, they can't eat for 1 to 2 hours or get home alone. Someone collects them.
Verify: Confirm all three can run concurrently. One MRI queue for three people changes the whole day.
Note: Full results come later. Kwangdong quotes about 10 days; reviewers report 2 to 3 weeks.
Source: https://creatrip.com/en/spot/15390
Where: Kwangdong Global Checkup Center"
9/7/2026,Monday,8:30 AM,Nap window — 5mo,,Rest,"Ends 9:30 AM.
Nap window. Everything else on this day is sequenced around it — shift the nap, and check what it collides with."
9/7/2026,Monday,9:00 AM,Park Hyatt breakfast (Wife · parents · three kids),Park Hyatt Seoul,Dining,"Ends 10:15 AM.
Included on the Globalist benefit. Take it slowly — this is the calmest, warmest room the group will have all day, and it does most of the work of today's plan. Nine o'clock, not eight: the three at the clinic left before dawn, and there is no reason for anyone else to be up early on day two of jet lag.
Verify: Confirm how many people Globalist breakfast covers. Additional guests are usually charged.
Verify: Ask the kitchen about food for a seven-month-old on solids. CU and GS25 also sell Korean baby food pouches."
9/7/2026,Monday,9:30 AM,Nap window — 7mo,,Rest,"Ends 11:00 AM.
Nap window. Everything else on this day is sequenced around it — shift the nap, and check what it collides with."
9/7/2026,Monday,10:30 AM,COEX Mall and Starfield Library (Wife · parents · three kids),COEX Mall,Excursion,"Ends 12:00 PM.
Underground, flat, climate-controlled, lifts everywhere, and a short walk from the hotel. On day two of jet lag with three small children, indoor and close beats interesting. It also happens to be next door to the hospital, so the two halves of the group are never far apart.
Fallback: If it is too much, the hotel lobby and a stroller lap of the block is a completely valid morning.
Source: https://english.visitseoul.net/shopping/Starfield-COEX-Mall_/ENP027622
Where: COEX, Samseong — walking distance from Park Hyatt"
9/7/2026,Monday,12:30 PM,Back at the hotel · nap block (Wife · parents · three kids),,Rest,"Ends 3:00 PM.
All three children down, two adults off duty. Do not schedule over this window on any day of this trip."
9/7/2026,Monday,12:30 PM,Collect the three from the clinic (One adult goes),,Commute,"Ends 1:30 PM.
Somebody meets them at the exit with a car. Three people who have been fasted since last night, possibly sedated, do not hail their own taxi.
Fallback: Slides with the checkup. Keep the afternoon soft and do not book anything against it.
Watch out: Have congee or juk ready. After a scope, start with bland food, not a nine-person restaurant meal."
9/7/2026,Monday,1:00 PM,Nap window — Toddler,,Rest,"Ends 3:00 PM.
Nap window. Everything else on this day is sequenced around it — shift the nap, and check what it collides with."
9/7/2026,Monday,3:00 PM,Late lunch when the clinic three get back,,Dining,"Ends 4:30 PM.
First real food in roughly twenty hours for three of you. Somewhere close, somewhere quiet, and no stairs.
Fallback: May slide to 16:00. This meal moves; it does not get cancelled.
Watch out: Plan lunch loosely. Post-sedation discharge can run later than the test schedule."
9/7/2026,Monday,5:00 PM,Nothing. Deliberately.,,Rest,"Ends 7:00 PM.
Day two of a sixteen-hour shift with two infants and two people in their seventies. An empty evening now buys you the rest of the week.
Note: Leave the evening empty for recovery."
9/7/2026,Monday,7:00 PM,Early dinner near the hotel,,Dining,"Ends 8:00 PM.
Somewhere that seats nine with chairs rather than floor seating. This is a constraint you will hit repeatedly and it is worth checking every time.
Watch out: Ask for chairs when you book. Floor seating is tough for two people in their seventies."
9/8/2026,Tuesday,9:00 AM,Park Hyatt breakfast,Park Hyatt Seoul,Dining,"Ends 10:15 AM.
Included. Build the whole leg around it — a real breakfast at the hotel removes the hardest meal of the day from the plan five times over. Nine o'clock start, so nobody is dressing a baby in the dark."
9/8/2026,Tuesday,9:30 AM,Nap window — 7mo,,Rest,"Ends 11:00 AM.
Nap window. Everything else on this day is sequenced around it — shift the nap, and check what it collides with."
9/8/2026,Tuesday,10:30 AM,Seongsu and Seoul Forest,Seoul Forest,Excursion,"Ends 12:30 PM.
Directly across the river from Gangnam and the easiest version of Seongsu you will get — arrive before the neighbourhood wakes up properly. Start in Seoul Forest, which is flat, wide, heavily shaded and genuinely stroller-and-grandparent-friendly, then walk into the converted-warehouse cafés and flagship stores on Yeonmujang-gil. Seongsu is a former shoe-factory district turned design quarter, so the streets are wide and the pavements are real, which is not true of Ikseon-dong or Bukchon.
Fallback: Seoul Forest alone is a complete morning. If the group is flagging, skip the café streets entirely and sit under the trees.
Watch out: Arrive at 10:30 for Seoul Forest first. Seongsu cafés mostly open at 11:00 and queue by noon.
Note: Use Seoul Forest for your parents: flat paved loops, shade, and plenty of benches.
Verify: Confirm one café can take nine with strollers, or plan to split into two tables.
Where: Seoul Forest and Seongsu-dong, Seongdong-gu"
9/8/2026,Tuesday,11:30 AM,Nap window — 5mo,,Rest,"Ends 1:00 PM.
Nap window. Everything else on this day is sequenced around it — shift the nap, and check what it collides with."
9/8/2026,Tuesday,12:45 PM,Lunch near the hotel,,Dining,"Ends 1:45 PM.
Back within range of the nap block. Chairs, not floor seating."
9/8/2026,Tuesday,1:00 PM,Nap window — Toddler,,Rest,"Ends 3:00 PM.
Nap window. Everything else on this day is sequenced around it — shift the nap, and check what it collides with."
9/8/2026,Tuesday,1:45 PM,Nap block at the hotel,,Rest,Ends 3:15 PM.
9/8/2026,Tuesday,3:30 PM,Botox appointment · Gangnam (Whoever is having it),Gangnam Station,Medical,"Ends 4:45 PM.
Moved here off the moving day. Gangnam has the clinic density and the English support, and doing it on day three leaves a full ten days for the result to settle and for the same clinic to see anything unexpected before you fly. Injections themselves take five to fifteen minutes; the appointment is mostly consultation.
Book: Book in advance. Same-day slots exist but not for a specific doctor.
Cost: Korean-brand botox runs about ₩40,000–₩80,000 per area, imported Allergan about ₩140,000–₩220,000
Watch out: After Botox: no lying flat or touching the area for 4 hours. No alcohol, hot baths, sauna, or hard exercise for 24.
Watch out: Keep Botox separate from mole removal on the 17th at Rene Clinic in Incheon. Get aftercare instructions in writing.
Verify: Confirm the price, product used, and whether follow-up review is included.
Source: https://www.hairrisk.com/clinic-guide/botox-korea
Where: Gangnam Station or Apgujeong · clinic to be chosen"
9/8/2026,Tuesday,3:30 PM,Skincare run — Olive Young and a department store (Adults in shifts),Olive Young Gangnam Town,Excursion,"Ends 5:30 PM.
Split the group: some shop, some stay with the kids. Olive Young covers everyday Korean skincare; the department store food halls and children's floors cover the rest. Both are indoors, air-conditioned, and lift-served.
Fallback: Everything here is also available in Myeongdong later in the trip, so no pressure to finish it today.
Watch out: Bring passports. In-store tax-free refund desks need them.
Source: https://english.visitkorea.or.kr/svc/contents/contentsView.do?vcontsId=148766
Where: Gangnam · Olive Young Gangnam Town, and Hyundai Department Store Trade Center or Starfield COEX"
9/8/2026,Tuesday,6:30 PM,"Dinner, early",,Dining,"Ends 7:45 PM.
Korean restaurants fill from around 19:00. Nine people with infants get a much better table at 18:30.
Watch out: Book ahead for nine. Walk-ins that size are hard almost everywhere in Seoul."
9/9/2026,Wednesday,8:15 AM,Unhurried breakfast at the hotel (Jun · wife · 7mo),Park Hyatt Seoul,Dining,"Ends 9:00 AM.
The one breakfast on the trip that can't start at nine — the 10:00 train sets the clock, and you want to be walking out at 09:15. It's still the calm version: the 10:00 departure was chosen precisely so this could be a real breakfast rather than a rushed one. Eat properly here; food on board is limited and stations are chaotic with a baby.
Note: Only the three of you are on the early clock. Everyone else staying at the hotel eats at 09:00."
9/9/2026,Wednesday,9:00 AM,Unhurried hotel breakfast (Parents · sister's family),Park Hyatt Seoul,Dining,"Ends 10:15 AM.
No agenda, no alarm. This is the recovery day for the six who are not on a train — nine o'clock or later, and nothing after it that can't be dropped."
9/9/2026,Wednesday,9:15 AM,To Suseo station (Jun · wife · 7mo),Suseo Station,Commute,"Ends 9:45 AM.
Suseo is the southern high-speed terminus and it is about five minutes by taxi from the Park Hyatt — which is the whole reason this trip sits in this leg rather than the Insadong one. From Insadong the same trip would mean Seoul Station and a slower KTX. Fifteen minutes on the platform is plenty.
Verify: Book SRT seats at etk.srail.kr, which takes foreign cards. Book ahead if you want the 10:00.
Source: https://www.rome2rio.com/s/Park-Hyatt-Seoul/Suseo-Station
Where: Suseo station (SRT)"
9/9/2026,Wednesday,10:00 AM,SRT to Daejeon (Jun · wife · 7mo),Daejeon Station,Commute,"Ends 10:55 AM.
About fifty-five minutes southbound. Carrier rather than stroller makes the station transfers much easier — luggage space on board is limited and first-come.
Cost: About ₩20,100 each way, standard class. Under-sixes ride free on a lap; buy a child ticket only if you want the guaranteed seat.
Verify: Confirm which Daejeon station with the uncle: Daejeon Station or Seo-Daejeon.
Source: https://www.rome2rio.com/Train/Suseo-SRT/Daejeon-Station
Where: Suseo → Daejeon"
9/9/2026,Wednesday,10:30 AM,Bongeunsa Temple (Parents · sister's family),Bongeunsa Temple,Excursion,"Ends 11:45 AM.
A working Buddhist temple directly across from COEX, ten minutes on foot. Quiet, green, and short enough to abandon at any point. Marked as an idea rather than a plan on purpose — today is the recovery day for the six not on a train, and doing nothing is a completely valid version of it.
Fallback: Turn around whenever the toddler is done, or skip it entirely and let the grandparents have the morning in the room. Starfield COEX is indoors, flat, and thirty seconds closer.
Watch out: Give your parents this one back if they’re tired. Don’t talk them into another outing.
Watch out: Temple grounds have steps and slopes. Scout the accessible route or stay on the lower level.
Where: Bongeunsa, Samseong-dong"
9/9/2026,Wednesday,11:15 AM,With wife's uncle (Jun · wife · 7mo),,Excursion,"Ends 3:30 PM.
The reason for the day. Lunch together, unhurried. Leave the afternoon open rather than stacking anything after it — four hours is a real visit, not a courtesy call.
Watch out: Agree on the return train time in advance so the goodbye isn’t rushed or missed."
9/9/2026,Wednesday,11:30 AM,Nap window — 5mo,,Rest,"Ends 1:00 PM.
Nap window. Everything else on this day is sequenced around it — shift the nap, and check what it collides with."
9/9/2026,Wednesday,1:00 PM,Nap block (Two kids at the hotel),,Rest,Ends 3:00 PM.
9/9/2026,Wednesday,1:00 PM,Nap window — Toddler,,Rest,"Ends 3:00 PM.
Nap window. Everything else on this day is sequenced around it — shift the nap, and check what it collides with."
9/9/2026,Wednesday,3:30 PM,"Department store, in shifts (Parents · sister's family)",Hyundai Department Store Trade Center,Excursion,"Ends 5:30 PM.
Indoor, air-conditioned, lifts, nursing rooms, and a food hall in the basement. Korean department stores are unusually good at the thing you actually need with small children.
Verify: Confirm the nursing-room floor and store hours.
Where: Hyundai Department Store Trade Center or Starfield COEX"
9/9/2026,Wednesday,4:20 PM,Train back to Suseo (Jun · wife · 7mo),,Commute,"Ends 5:15 PM.
Leave by 3:45 PM.
Back at the hotel around 18:00, which still lands comfortably before the group dinner. Late enough to be tiring, early enough that the baby is not wrecked for tomorrow.
Fallback: If the visit is going well, a later train is fine — but past about 17:30 out of Daejeon you will miss the 18:45 dinner, so tell the group rather than assuming."
9/9/2026,Wednesday,6:45 PM,Dinner together when the train gets in,,Dining,"Ends 8:00 PM.
Near the hotel. Nobody has energy to travel for this one."
9/9/2026,Wednesday,,Nap window — 7mo,,Rest,"Timing: on the train until roughly 11:00.
Nap window. Everything else on this day is sequenced around it — shift the nap, and check what it collides with."
9/10/2026,Thursday,9:00 AM,Park Hyatt breakfast,Park Hyatt Seoul,Dining,"Ends 10:00 AM.
Nine o'clock. Lotte World is a long day on its feet, and starting it rested matters more than starting it early — the park does not get meaningfully busier between opening and eleven on a Thursday."
9/10/2026,Thursday,9:30 AM,Nap window — 7mo,,Rest,"Ends 11:00 AM.
Nap window. Everything else on this day is sequenced around it — shift the nap, and check what it collides with."
9/10/2026,Thursday,10:10 AM,To Jamsil,Lotte World Adventure,Commute,"Ends 10:40 AM.
Two taxis or the subway. Short either way.
Where: Lotte World, Jamsil"
9/10/2026,Thursday,10:45 AM,Lotte World Adventure — indoor half,Lotte World Adventure,Excursion,"Ends 12:30 PM.
Under two hours, not a full morning. The indoor Adventure section is climate-controlled and mostly flat with lifts, which matters more than the rides here. There is a dedicated small-children's zone; the grandparents can sit in it comfortably while the toddler goes round. Both infants nap in carriers through this.
Fallback: If the park is too much, Lotte World Aquarium in the same complex is dark, cool, quiet, and takes ninety minutes.
Watch out: Cap Lotte World at 90–100 minutes for the two-year-old. Leave before the meltdown.
Verify: Confirm opening hours, ticket options, stroller rental, and ride age or height limits.
Watch out: Infants can’t ride much. Treat this as a place to explore, not a ride checklist.
Verify: Confirm nursing-room and baby-change locations inside the park before you go.
Where: Lotte World Adventure, Jamsil"
9/10/2026,Thursday,11:30 AM,Nap window — 5mo,,Rest,"Ends 1:00 PM.
Nap window. Everything else on this day is sequenced around it — shift the nap, and check what it collides with."
9/10/2026,Thursday,12:45 PM,Lunch in the complex,,Dining,"Ends 1:45 PM.
Lotte World Mall next door has far better food than the park itself and proper seating."
9/10/2026,Thursday,1:00 PM,Nap window — Toddler,,Rest,"Ends 3:00 PM.
Nap window. Everything else on this day is sequenced around it — shift the nap, and check what it collides with."
9/10/2026,Thursday,1:50 PM,Whole group back to the hotel,,Commute,"Ends 2:20 PM.
Everyone returns together — this is not the optional half. Fifteen minutes back to Samseong puts the toddler down in a real bed at 14:20, on the biggest day of the leg.
Watch out: Take your parents back to the hotel here. Four hours out at ages 69 and 70 is a full day."
9/10/2026,Thursday,2:20 PM,Nap block at the hotel,,Rest,"Ends 4:20 PM.
Note: Protect this nap. The grandparents rest here too, and the rest of the day is optional for them."
9/10/2026,Thursday,4:35 PM,Seokchon Lake loop (Whoever wants it),,Excursion,"Ends 5:30 PM.
A flat paved loop around the lake beside the park, with benches the whole way. Good in late-afternoon light and easy to cut short. Genuinely optional — a second trip back out to Jamsil is a lot for one day.
Watch out: Skip Seokchon Lake if the day has already been long. It’s a nice-to-have."
9/10/2026,Thursday,6:15 PM,Dinner at Lotte World Mall or back in Samseong,,Dining,"Ends 7:30 PM.
Decide based on where the group actually is at 17:45, not now."
9/11/2026,Friday,9:00 AM,Last Park Hyatt breakfast,Nine Tree Premier Hotel Insadong,Dining,"Ends 10:00 AM.
The last included one — the Insadong leg has no breakfast benefit, so this is the final easy morning meal of the trip. Nine o'clock; checkout is not until 11:30 and there is nothing to be early for.
Where: Nine Tree Premier Insadong"
9/11/2026,Friday,9:30 AM,Nap window — 7mo,,Rest,"Ends 11:00 AM.
Nap window. Everything else on this day is sequenced around it — shift the nap, and check what it collides with."
9/11/2026,Friday,10:15 AM,A slow last morning in Gangnam,,Rest,"Ends 11:15 AM.
Nothing booked. Pack properly and let the children run around the room. Moving days go better when the morning before them is empty.
Fallback: Starfield COEX is five minutes away and indoors if anyone needs to burn energy before a car ride."
9/11/2026,Friday,11:30 AM,Check out of Park Hyatt,,Lodging,"Ends 12:00 PM.
Bags down, late checkout requested the night before if you can get it."
9/11/2026,Friday,12:15 PM,Transfer to Insadong,Nine Tree Premier Hotel Insadong,Commute,"Ends 1:00 PM.
Across the river to Jongno. Two vehicles again — nine people and twelve days of luggage does not fit in one.
Verify: Confirm the exact hotel name and address. There is more than one Nine Tree in central Seoul.
Source: https://english.visitseoul.net/hotel/view/18185180
Where: Nine Tree Premier Insadong · 49 Insadong-gil, Jongno-gu"
9/11/2026,Friday,1:00 PM,"Check in, cribs, breathe",,Lodging,"Ends 1:45 PM.
Rooms may not be ready. Store bags, take the kids up when they are.
Watch out: Standard check-in is 15:00. Book one room from the night of the 10th if you need a guaranteed nap room."
9/11/2026,Friday,1:30 PM,"Nap block, wherever it can happen",,Rest,Ends 3:00 PM.
9/11/2026,Friday,1:30 PM,Nap window — Toddler,,Rest,"Ends 3:00 PM.
Nap window. Everything else on this day is sequenced around it — shift the nap, and check what it collides with."
9/11/2026,Friday,3:30 PM,Insadong on foot — the actual loop (Whoever wants it),Ssamziegil,Excursion,"Ends 4:45 PM.
A real route rather than a vague direction. Out of the hotel onto Insadong-gil, north along the main street through the paper, ceramic, tea and brush shops, into Ssamziegil at the top — a four-storey spiral ramp rather than stairs, so the stroller goes all the way up and back down without a lift. Cut east through Nagwon-dong and you are at the mouth of Ikseon-dong. The whole loop is about 1.2 km, entirely flat, and never more than eight minutes from your own room.
Fallback: Every point on this loop is a short walk back to the room, so it can be twenty minutes or two hours and anyone can peel off at any time.
Watch out: Forecast is around 30°C. Walk the shaded east side, use Ssamziegil for breaks, and carry water for your parents.
Verify: Confirm whether Insadong-gil is car-free that day. Pedestrian hours vary by weekday.
Where: Insadong-gil → Ssamziegil → Nagwon-dong · from the hotel door"
9/11/2026,Friday,4:45 PM,Ikseon-dong alleys (Whoever wants it),Ikseon-dong Hanok Village,Excursion,"Ends 6:15 PM.
A dense grid of restored hanok converted into cafés and small shops, about ten minutes' walk from the hotel and directly at the end of the Insadong loop. Flat, shaded by the low rooflines, and photogenic without the hill climb Bukchon demands. Late afternoon is the right time — the shops are all open by now, and the lanes light up as the sun drops.
Fallback: Cheonggyecheon stream is five minutes south and is flat, shaded and noticeably cooler if the alleys are crowded.
Watch out: Ikseon-dong alleys are often under 2 m wide. Use a carrier, or leave the big stroller at the hotel.
Note: Ikseon-dong is a 10-minute walk from this hotel, so it fits a thin moving-day afternoon.
Source: https://english.visitseoul.net/attractions/Ikseon-dong-Hanok-Village_/2686
Where: Ikseon-dong, Jongno · about 700 m from the hotel"
9/11/2026,Friday,6:30 PM,Dinner in Ikseon-dong,,Dining,"Ends 7:45 PM.
Eat where the walk ends rather than trekking back. Ikseon-dong is thick with restaurants in converted hanok, and the walk home afterwards is ten flat minutes. Table seating for nine, booked.
Watch out: Ask for chairs when you book. Converted hanok often means floor seating.
Watch out: Book ahead for nine. Ikseon-dong restaurants are small and may not seat you together without notice."
9/12/2026,Saturday,9:00 AM,Breakfast,Nine Tree Premier Hotel Insadong,Dining,"Ends 10:00 AM.
Breakfast is not included on this leg. Either the hotel's own, or a bakery — Korean bakery chains handle a group of nine without ceremony. The museum does not open until 10:00, so there is nothing to gain from being up before nine.
Verify: Confirm whether the Insadong booking includes breakfast and for how many.
Where: Nine Tree Premier Insadong"
9/12/2026,Saturday,9:30 AM,Nap window — 7mo,,Rest,"Ends 11:00 AM.
Nap window. Everything else on this day is sequenced around it — shift the nap, and check what it collides with."
9/12/2026,Saturday,10:30 AM,National Museum of Korea,National Museum of Korea,Excursion,"Ends 12:30 PM.
Yongsan. Free general admission, vast flat galleries, lifts everywhere, stroller-free rental on site, and benches in most rooms. Do one wing, not the building.
Fallback: The reflecting pool and the path to the pagoda outside are worth the trip on their own if the galleries are too much.
Note: Lactation room is on the first floor. Strollers and wheelchairs are free at the information desk.
Watch out: Closed Mondays. Open until 18:00 today, so you can leave with hours to spare.
Verify: Reserve the free Children’s Museum online now. It books out weeks ahead, and one slot may not hold nine.
Source: https://www.museum.go.kr/site/eng/home
Where: National Museum of Korea, 137 Seobinggo-ro, Yongsan-gu"
9/12/2026,Saturday,11:30 AM,Nap window — 5mo,,Rest,"Ends 1:00 PM.
Nap window. Everything else on this day is sequenced around it — shift the nap, and check what it collides with."
9/12/2026,Saturday,12:40 PM,Nap group back to Insadong (Grandparents · three kids · two adults),,Commute,"Ends 1:10 PM.
The half of the group that needs the nap goes straight back. Skipping the museum lunch is deliberate: eating at the museum pushes the toddler's nap past 14:00, and tomorrow is the one day of the trip that cannot absorb a badly rested two-year-old."
9/12/2026,Saturday,12:40 PM,"Yongsan afterwards, for whoever is free (Adults not on nap duty)",Yongsan I'Park Mall,Excursion,"Ends 3:00 PM.
The museum is not the only reason to come out here, and it is a long way to travel for one building. Three things are within reach on foot or one stop: the museum's own grounds and reflecting pool, which are free and quietly one of the best pieces of landscape in Seoul; Ichon Hangang Park, straight down to the river; and Yongsan I'Park Mall at Yongsan Station, which is a genuinely enormous indoor complex with electronics, toys and a food court if the heat wins.
Fallback: Go straight back with everyone else. This is an add-on for the people who are not carrying a sleeping child, and skipping it costs nothing.
Note: Split after Yongsan if needed. The nap stays protected; this is only for adults free at 13:00.
Watch out: Be back by 15:30. Tomorrow starts at 06:50, and hanbok prep needs everyone dressing to be present.
Verify: Confirm Yongsan Park redevelopment walk-in access. Parts open and close by reservation.
Where: Yongsan-gu · museum grounds, Ichon Hangang Park, Yongsan I'Park Mall"
9/12/2026,Saturday,1:00 PM,Nap window — Toddler,,Rest,"Ends 3:00 PM.
Nap window. Everything else on this day is sequenced around it — shift the nap, and check what it collides with."
9/12/2026,Saturday,1:15 PM,Lunch at the hotel,,Dining,"Ends 2:00 PM.
Room service, a bakery run, or the nearest thing to the lobby. Speed matters more than quality today.
Fallback: Insadong-gil is full of takeaway. Somebody grabs food while everyone else goes up."
9/12/2026,Saturday,1:30 PM,Nap block at the hotel,,Rest,"Ends 3:30 PM.
A full, on-time toddler nap, which is the entire reason today ends early. The grandparents should take this one too — tomorrow starts at 06:50 and runs long.
Note: Protect this nap block. It’s the most load-bearing rest of the trip."
9/12/2026,Saturday,4:30 PM,"Tomorrow's hanbok logistics, settled tonight",,Admin,"Ends 5:30 PM.
Confirm the rental booking, the number of people, the hair and makeup slots, and the walking route to the palace ticket office. Lay out what everyone wears underneath. Charge the camera.
Watch out: Tomorrow has a hard 10:50 call time and nine people to dress. Settle everything you can tonight.
Watch out: Set out one passport and ₩70,000 cash tonight for the rental deposit.
Watch out: Message the photographer tonight: rain plan, covered palace option, and a morning phone number."
9/12/2026,Saturday,6:00 PM,"Early dinner, early night",,Dining,"Ends 7:15 PM.
Genuinely early. Tomorrow is the day the whole trip is photographed."
9/13/2026,Sunday,6:50 AM,"Breakfast, in the room if it is faster",Nine Tree Premier Hotel Insadong,Dining,"Ends 7:30 AM.
The one early start left on the trip, and it is unavoidable: the salon opens at 08:00, the hanbok shop at 09:00, and the photographer's call time at 10:50 is paid and booked. Feed the children properly now — there is no good window again until after the shoot, and nothing staining goes near anyone once hanbok is on.
Watch out: Feed first, dress second.
Note: Warn everyone the night before: this breakfast starts before the usual 09:00.
Where: Nine Tree Premier Insadong"
9/13/2026,Sunday,7:35 AM,Two taxis to the salon,Beauty Palace Gyeongbokgung,Commute,"Ends 7:55 AM.
Naver puts the hotel 1.1 km from the Gyeongbokgung cluster — 18 minutes and 1,719 steps on foot, four crosswalks, and the route is step-free, which matters with two strollers. That proximity is the whole reason the photo day sits in this leg. Take taxis anyway. You are moving nine people to a hard 08:00 booking and the walk is the first thing that slips.
Fallback: If taxis fail, walk 1.1 km in 18 minutes by 07:30, or take line 3 one stop from Anguk exit 6. Fare is ₩1,550.
Source: https://english.visitseoul.net/hotel/view/18185180
Where: Beauty Palace Gyeongbokgung, or your chosen makeup salon"
9/13/2026,Sunday,8:00 AM,Hair and makeup · first slot of the day (Adults having it),Beauty Palace Gyeongbokgung,Excursion,"Ends 9:00 AM.
This has to happen before the hanbok, not alongside it, because the salon opens an hour earlier than the rental shop. Beauty Palace Gyeongbokgung opens 08:00 on Sundays and runs a 40-minute hanbok makeup and a 70-minute hanbok makeup with hair-up. Book the 40-minute service for everyone who wants it and run the chairs in parallel.
Cost: Per person, by service tier
Watch out: Beauty Palace fits six at once. Book explicit staggered slots from 08:00 for nine people.
Watch out: Closed Tuesdays. Sunday 13 September is fine, but don't move this to Tuesday.
Verify: Confirm how many artists work at 08:00. One artist can't finish four faces before 09:00.
Source: https://creatrip.com/en/spot/14538
Where: Makeup salon in the Gyeongbokgung cluster"
9/13/2026,Sunday,9:00 AM,Walk to the hanbok shop,Hanboknam,Commute,"Ends 9:10 AM.
The salons and the rental shops are the same few streets around Gyeongbokgung Station Exit 4 and Jahamun-ro 2-gil. This is a short flat walk, not a journey.
Source: https://seohwahanbok.net/hanbok-rental/
Where: Hanbok rental, Gyeongbokgung Station Exit 4 cluster"
9/13/2026,Sunday,9:10 AM,Hanbok fitting · nine people,Hanboknam,Excursion,"Ends 10:20 AM.
Seventy minutes against a 09:00 opening, walking in rather than reserving. Hanboknam is the pick — 4.7 across 4,426 reviews, the largest selection in the cluster, and 1.1 km from the hotel. It sits about 350 metres west of Gwanghwamun, so you pass the palace on the way over and only backtrack a short distance afterward. Order of dressing: grandparents, toddler, infants, then the adults who can dress themselves fastest.
Book: Walking in, not reserving. A booking here does not buy queue priority, and the crowding complaints in this cluster are all about midday rather than the opening hour. Send Hanboknam one email before you fly — hanboknams@naver.com — asking two things: how many stylists work the 09:00 slot on Sunday 13 September, and that infant sizes are held for a 5-month-old and a 7-month-old. Hair runs about 20 minutes a head, one head at a time. Two stylists and the morning is comfortable; one stylist against three or four heads does not finish. All nine of you are renting, both babies included. Fallbacks if Hanboknam is shut or slammed: Seohwa at 137 Sajik-ro, Oneday in the same building's basement, or Haewadal on 0507-1315-7188.
Cost: Around ₩24,000 for four hours or ₩32,000 all day, per person, at Seohwa's published rates
Watch out: Take the all-day tier. A four-hour rental from 09:10 expires at 13:10, during lunch.
Watch out: Budget 20 minutes for each infant's hanbok change. There are two of them.
Watch out: Email Hanboknam: confirm two stylists at opening. One stylist doing 15 to 20 minutes per head risks the 10:50 call time.
Note: Arrive at opening. The early slot is calm, and crowds build later.
Note: Send one non-makeup adult to Hanboknam at 08:55 to start paperwork and pull sizes.
Watch out: Staff here may let you browse alone. Ask at the counter to be walked through the sizes.
Verify: Confirm Hanboknam can take nine renters in one slot, both babies included.
Source: https://seohwahanbok.net/hanbok-rental/
Where: Hanbok rental shop"
9/13/2026,Sunday,10:25 AM,Walk to Heungnyemun Gate,Gyeongbokgung Palace,Commute,"Ends 10:45 AM.
Twenty minutes for a walk that takes five, because nine people in hanbok with two strollers do not move at walking pace. Aim to be standing at the meeting point at 10:45 with five minutes in hand.
Fallback: The escalation branch, decided now and not at 10:30: if the shop is running late, at 10:30 send the grandparents, the men and the toddler ahead on foot to hold the meeting point. Skip the last lip touch-up. Message the photographer at 10:20 with a realistic number rather than at 10:50 with an apology. Real drop-dead for the group is 11:00 — the photographer will wait ten minutes and will not wait thirty.
Watch out: Guard performances run 10:00 for 20 minutes and 11:00 for 10 near Gwanghwamun and Heungnyemun. Budget the full walk.
Watch out: Confirm the exact photographer meeting point and swap numbers. Gwanghwamun Gate and the ticket area are 150 metres apart.
Fallback: Agree on the photographer's rain plan in advance: indoor palace halls, a covered colonnade, or a reschedule.
Source: https://royal.khs.go.kr/ENG/contents/E702000000.do?schGroupCode=gbg
Where: Gyeongbokgung · ticket and information area inside Heungnyemun Gate"
9/13/2026,Sunday,10:50 AM,Photography session at Gyeongbokgung,Gyeongbokgung Palace,Excursion,"Ends 12:20 PM.
BOOKED — confirmed, do not move.
Meeting inside Heungnyemun Gate. Everyone in full hanbok enters the palace free — the rule covers traditional and modernised hanbok, and your parents are already free at 65 and over, as are all three children.
Cost: Admission ₩3,000 for adults 19–64, and free for anyone in qualifying hanbok
Watch out: Free admission needs full hanbok: jeogori plus chima or baji. Partial outfits pay full price.
Watch out: Shoot whole-group and grandparent frames first. The infants may only last 40 good minutes.
Note: Find the nursing room by the information centre on arrival. It has a changing station, microwave, and sink.
Watch out: Palace paths include gravel and rough stone. Use carriers once you're inside.
Source: https://royal.khs.go.kr/ENG/contents/E701000000.do"
9/13/2026,Sunday,12:30 PM,Return the hanbok,,Admin,"Ends 1:00 PM.
Back to the shop, change, collect your own clothes. Or keep them on through lunch if you took the full-day rental and everyone still has the energy."
9/13/2026,Sunday,1:00 PM,Lunch near the palace,,Dining,"Ends 2:15 PM.
Everyone will be hungry, hot, and finished. Somewhere close with chairs — do not go looking.
Watch out: Book lunch. Sunday near Gyeongbokgung for nine without a reservation is risky.
Watch out: Pick lunch somewhere that can absorb a toddler meltdown, and be ready to send half the group ahead."
9/13/2026,Sunday,2:30 PM,Back to the hotel · everyone off duty,,Rest,"Ends 5:00 PM.
The biggest morning of the trip earns the emptiest afternoon of the trip.
Note: Protected rest block. Don't schedule into this."
9/13/2026,Sunday,2:45 PM,Nap window — Toddler,,Rest,"Ends 4:30 PM.
Nap window. Everything else on this day is sequenced around it — shift the nap, and check what it collides with."
9/13/2026,Sunday,6:30 PM,A proper dinner,,Dining,"Ends 8:00 PM.
The one meal of the trip worth booking properly. Table seating, private room if you can get one for nine.
Verify: Book a private room well in advance for nine people and three small children."
9/13/2026,Sunday,,Nap window — 7mo,,Rest,"Timing: in the carrier, en route.
Nap window. Everything else on this day is sequenced around it — shift the nap, and check what it collides with."
9/13/2026,Sunday,,Nap window — 5mo,,Rest,"Timing: in the carrier, en route.
Nap window. Everything else on this day is sequenced around it — shift the nap, and check what it collides with."
9/14/2026,Monday,9:00 AM,Breakfast,Nine Tree Premier Hotel Insadong,Dining,"Ends 10:00 AM.
Late morning by design — the day's real event is dinner at Mangwon Market, and you do not want the group already tired by mid-afternoon.
Where: Nine Tree Premier Insadong"
9/14/2026,Monday,9:30 AM,Nap window — 7mo,,Rest,"Ends 11:00 AM.
Nap window. Everything else on this day is sequenced around it — shift the nap, and check what it collides with."
9/14/2026,Monday,10:15 AM,Cheonggyecheon in the morning,Cheonggyecheon,Excursion,"Ends 11:30 AM.
The sunken stream through the middle of the city, and a five-minute walk from the hotel door. Cool at water level, flat along the whole length, and genuinely pleasant before the heat arrives. Walk as far as you feel like and climb out at any bridge. This has moved from filler to the actual morning, because the afternoon is out in Mapo and today needs an easy start.
Fallback: Turn around at any point. The whole stream runs parallel to the street above it, so there is no committed distance.
Watch out: Most stream access is stairs. Find a ramped entrance before you commit with a stroller.
Source: https://english.visitseoul.net/area/CheonggyecheonStream/ENP000034
Where: Cheonggyecheon, five minutes from the hotel"
9/14/2026,Monday,11:30 AM,Nap window — 5mo,,Rest,"Ends 1:00 PM.
Nap window. Everything else on this day is sequenced around it — shift the nap, and check what it collides with."
9/14/2026,Monday,12:00 PM,Lunch near the hotel,,Dining,"Ends 1:15 PM.
Back in Jongno with time in hand. Eat properly here, because tonight's meal is standing up at a market."
9/14/2026,Monday,1:00 PM,Nap window — Toddler,,Rest,"Ends 3:00 PM.
Nap window. Everything else on this day is sequenced around it — shift the nap, and check what it collides with."
9/14/2026,Monday,1:30 PM,Nap block at the hotel,,Rest,Ends 3:30 PM.
9/14/2026,Monday,3:45 PM,Across to Mapo,Mangwon-dong,Commute,"Ends 4:20 PM.
West across the city to the Mangwon and Yeonnam side of Mapo-gu. Two vehicles for nine, or Line 6 if the group is feeling robust — Mangwon is two stops from Hongik University station.
Where: Mangwon-dong, Mapo-gu"
9/14/2026,Monday,4:30 PM,"Mangwon Market — dinner, standing up",Mangwon Market,Dining,"Ends 6:00 PM.
This replaces Gwangjang, and it is a better fit in every way that matters to this group. Mangwon is a working neighbourhood market rather than a tourist destination — locals doing their actual shopping, prices that have not been rewritten for visitors, and a covered arcade that is wider and calmer than Gwangjang's aisles. The things to eat here are the fried chicken in sweet-and-sour glaze, tteokbokki, freshly fried mandu and the croquettes. Late afternoon is when it fills up and everything is hot.
Fallback: If it is heaving, buy food and walk two minutes to Mangwon Hangang Park to eat it by the river.
Watch out: Mangwon is covered but crowded. Take one stroller at most, use carriers, and expect to eat standing or in the park.
Watch out: Bring cash. Some stalls take cards, but plenty don't.
Verify: Confirm the closing day before you go. Traditional markets often close Sunday or Monday, and today is Monday.
Where: Mangwon Market, Mapo-gu · Mangwon station Line 6, exit 2"
9/14/2026,Monday,6:15 PM,Yeonnam-dong and the Gyeongui Line park,Gyeongui Line Forest Park,Excursion,"Ends 7:15 PM.
A disused railway line turned into a long, thin park running through Yeonnam-dong, and the single most stroller-friendly thing in this half of the city — flat, straight, grassy, wide, and lined with low-key cafés and shops. It is the calm version of this neighbourhood, and it connects Mangwon to Hongdae on foot without ever putting you in Hongdae's crowds.
Fallback: Go straight back to the hotel after the market. This is a bonus, not a requirement, and nobody will mind.
Where: Gyeongui Line Forest Park, Yeonnam-dong"
9/14/2026,Monday,7:15 PM,"Hongdae, for whoever still wants it (Adults who fancy it)",Hongdae,Excursion,"Ends 8:30 PM.
The main Hongdae streets are ten minutes' walk from the far end of the Yeonnam park — buskers, street food, record shops, and the densest concentration of late-opening anything in Seoul. Marked as an idea rather than a plan because it is loud, extremely crowded and the wrong environment for two infants at bedtime. One useful piece of luck: today is a Monday, which is by some distance the quietest night of the week here.
Fallback: Skip it entirely. Everyone with a child goes back to the hotel from Yeonnam and this simply does not happen.
Watch out: Split up for Hongdae at 19:30. Send interested adults, and put everyone else in a car home.
Where: Hongdae main street and Eoulmadang-ro"
9/14/2026,Monday,7:30 PM,Kids and grandparents back to Insadong (Grandparents · three kids · parents on duty),,Commute,"Thirty minutes back across town. Bedtime is late tonight by design, which is why tomorrow's morning starts indoors and slowly."
9/15/2026,Tuesday,9:00 AM,Breakfast,Nine Tree Premier Hotel Insadong,Dining,"Ends 10:00 AM.
Nine o'clock, and nothing lost by it — The Hyundai Seoul does not open its doors until 10:30, so an earlier start only buys you time standing outside a shut mall.
Where: Nine Tree Premier Insadong"
9/15/2026,Tuesday,9:30 AM,Nap window — 7mo,,Rest,"Ends 11:00 AM.
Nap window. Everything else on this day is sequenced around it — shift the nap, and check what it collides with."
9/15/2026,Tuesday,10:10 AM,Over to Yeouido (Shopping group),The Hyundai Seoul,Commute,"Ends 10:50 AM.
Line 5 runs directly from Jongno-3ga to Yeouido with no change, which is unusually civilised for this city. A taxi is about twenty-five minutes. Either way you arrive just after opening rather than at 11:30 with everyone else.
Where: The Hyundai Seoul, 108 Yeoui-daero, Yeongdeungpo-gu"
9/15/2026,Tuesday,10:15 AM,Slow morning for everyone else (Grandparents · kids),,Rest,"Ends 12:00 PM.
Hotel, Insadong street, a café. The point of splitting today is that nobody has to endure a shopping trip they did not want, and Yeouido is a long way to drag a two-year-old for other people's errands."
9/15/2026,Tuesday,10:55 AM,The Hyundai Seoul · children's clothes (Shopping group),The Hyundai Seoul,Excursion,"Ends 1:00 PM.
This replaces Namdaemun, and for this group it is not a close call. The Hyundai Seoul is the newest and most consistently well-reviewed department store in the city: a full children's floor with the Korean and international brands people actually fly home with, an indoor garden you can park a stroller in, proper nursing rooms, wide flat aisles, lifts everywhere, and a basement food hall good enough to be lunch. You will pay department-store prices rather than market prices — that is the trade, and with a toddler in tow it is the right one.
Cost: Department-store pricing. Budget more per item than a market and fewer items.
Fallback: Lotte World Mall in Jamsil covers similar ground and you were already near it on the 10th. Starfield Hanam is bigger again but is outside Seoul and not worth the drive on a day this full.
Watch out: Bring passports. Tax-free refund needs one, and the desks are in-store.
Verify: Confirm opening time before you leave. Department stores often open at 10:30, not 10:00.
Note: Eat lunch in the building. The lower-level food hall can handle a group without a booking.
Where: The Hyundai Seoul, Yeouido · children's floor and the food hall"
9/15/2026,Tuesday,11:30 AM,Nap window — 5mo,,Rest,"Ends 1:00 PM.
Nap window. Everything else on this day is sequenced around it — shift the nap, and check what it collides with."
9/15/2026,Tuesday,12:00 PM,Lunch in Insadong for the hotel group (Grandparents · kids),,Dining,"Ends 1:15 PM.
Close to the room and ahead of the nap. The shopping group is eating in The Hyundai's food hall at the same time, so there is no regroup to coordinate."
9/15/2026,Tuesday,1:00 PM,Nap window — Toddler,,Rest,"Ends 3:00 PM.
Nap window. Everything else on this day is sequenced around it — shift the nap, and check what it collides with."
9/15/2026,Tuesday,1:15 PM,Costco Yangpyeong (Shopping group),Costco Yangpyeong,Excursion,"Ends 2:45 PM.
Ten minutes from The Hyundai Seoul, which is the entire reason it sits on this day rather than any other. Yangpyeong is the closest warehouse to Yeouido and it is open 10:00 to 22:00. The Korean-specific things worth the trip are the own-brand seaweed, gim snacks, dried persimmon, honey butter almonds and the bulk skincare — none of which you can carry out of Olive Young at this price.
Watch out: Bring your physical US Costco card. Membership is global, but the app can fail at Korean door scanners.
Watch out: Korean Costco closes on the second and fourth Sunday. Tuesday is clear, but check before moving this to a weekend.
Verify: Confirm the card policy at the door. Carry enough cash for the basket in case your US card doesn't work.
Watch out: Costco buys are bulky and heavy. Do the luggage reckoning tonight, not at the airport on the 18th.
Where: Costco Yangpyeong, 156 Seonyu-ro, Yeongdeungpo-gu"
9/15/2026,Tuesday,1:15 PM,Nap block,,Rest,Ends 3:15 PM.
9/15/2026,Tuesday,4:15 PM,Myeongdong · skincare (Shopping group),Myeongdong,Excursion,"Ends 6:00 PM.
The flagship Olive Young plus the surrounding brand stores, and a fresh shift is fine here — whoever did Yeouido and Costco has earned a sit down. This is the serious skincare stop of the trip: buy the volume here, not at the airport.
Verify: Confirm the tax-free refund threshold and process. Bring your passport.
Watch out: Pack all liquids, gels, and creams in checked bags tonight."
9/15/2026,Tuesday,6:15 PM,First pack and a luggage reckoning,,Admin,"Ends 7:00 PM.
Tomorrow you move hotels, and today you bought department-store clothes, a Costco run and a skincare haul. Better to find out tonight that you need another suitcase than at the Incheon check-in desk on the 18th.
Watch out: Buy the extra suitcase today if you need one. Don't leave this for Yeongjong or the airport."
9/15/2026,Tuesday,7:00 PM,Last Jongno dinner,,Dining,"Ends 8:15 PM.
The last dinner in the city proper — from here it is the airport hotel. Pick the one thing someone said they wanted to eat again and go there.
Watch out: Book dinner. This is the last easy meal nobody will want to improvise."
9/16/2026,Wednesday,9:00 AM,Breakfast and final pack,Hyatt Regency Incheon,Dining,"Ends 10:00 AM.
Checkout is 11:00 and the transfer is not until 11:30, so a nine o'clock breakfast still leaves an unhurried hour. Pack the night before and this morning is genuinely easy.
Where: Hyatt Regency Incheon Paradise City"
9/16/2026,Wednesday,9:30 AM,Nap window — 7mo,,Rest,"Ends 11:00 AM.
Nap window. Everything else on this day is sequenced around it — shift the nap, and check what it collides with."
9/16/2026,Wednesday,10:05 AM,Last walk through Insadong (Anyone who wants it),Insadong-gil,Excursion,"Ends 10:50 AM.
Bags are packed, checkout is not until 11:00, and Ssamziegil is four minutes from the door. This is the last unhurried stretch on the mainland — use it for the small souvenirs nobody has bought yet, or skip it entirely and sit in the lobby.
Fallback: Skipping this costs nothing. The airport has a duty-free the size of a town.
Note: This walk is optional. Nobody has to leave the hotel this morning.
Where: Insadong-gil, four minutes from the hotel"
9/16/2026,Wednesday,11:00 AM,Check out of Insadong,,Lodging,"Ends 11:30 AM.
Sweep the rooms for the small things that get left: bottle parts, chargers, one shoe, the toddler's specific cup. Ask the desk to hold the bags if you want a last hour in Insadong."
9/16/2026,Wednesday,11:30 AM,Out west to Incheon Chinatown,Incheon Chinatown,Commute,"Ends 12:30 PM.
Roughly an hour from Jongno to Incheon Station on the mainland. This is not a detour so much as a pause on the way — Chinatown sits by the Yeongjong Bridge approach, so you stop, eat, and carry on over the water to the resort. Good news on the name confusion at the far end: Hyatt Regency Incheon Paradise City is a single, real hotel — the former west tower of Grand Hyatt Incheon, rebranded in 2025 and sitting inside the Paradise City resort complex. So you get Hyatt loyalty and the resort's facilities in one booking.
Watch out: Book the transfer with three car seats, a Chinatown stop, and waiting time.
Verify: Confirm the driver will hold your luggage during lunch. If not, move jjajangmyeon to the 17th.
Verify: Check your confirmation says Hyatt Regency, not Hotel Paradise or Art Paradiso.
Source: https://newsroom.hyatt.com/Hyatt_Regency_Incheon_Paradise_City_Opens_Today
Where: Incheon Chinatown, Jung-gu · then Yeongjong Island"
9/16/2026,Wednesday,12:35 PM,Jjajangmyeon in the place that invented it,Junghwaru,Dining,"Ends 1:45 PM.
Incheon's Chinatown is where jjajangmyeon was created, by Shandong migrants working the port in the late 1800s, and eating it here is a genuinely different thing from eating it anywhere else. Junghwaru is the pick for this group: well reviewed, large enough to seat nine, and with waits that run ten to twenty minutes rather than the hour that the two famous places routinely hit. Today is a Wednesday, which is the single biggest thing working in your favour here — weekend waits in Chinatown are punishing.
Cost: Roughly ₩8,000–₩12,000 for jjajangmyeon, more for tangsuyuk to share.
Fallback: Gonghwachun is the original house and has the museum-piece interior, but the food is widely described as ordinary and the wait as long. Sinseungban is the locals' choice on taste. Both are worth knowing about if Junghwaru is closed.
Watch out: Call ahead for nine. Chinatown lunch spots may not hold a walk-in table this size.
Watch out: Jjajangmyeon stains permanently. Bib everyone under three, and skip nice clothes.
Verify: Confirm the closing day. Some Chinatown restaurants close one weekday a month.
Where: Junghwaru, Incheon Chinatown · near Incheon Station"
9/16/2026,Wednesday,1:50 PM,Over the bridge to Yeongjong,Hyatt Regency Incheon,Commute,"Ends 2:20 PM.
Twenty-five minutes over the water to Paradise City. All three children will very likely sleep in the car, which is exactly what you want given check-in is not until 15:00 anyway.
Note: Treat this drive as the first half of nap. Don't wake anyone at the door.
Where: Hyatt Regency Incheon Paradise City, Yeongjong Island"
9/16/2026,Wednesday,2:00 PM,Nap window — Toddler,,Rest,"Ends 4:00 PM.
Nap window. Everything else on this day is sequenced around it — shift the nap, and check what it collides with."
9/16/2026,Wednesday,2:20 PM,Check in,,Lodging,"Ends 3:00 PM.
The hotel sits inside the Paradise City complex, so once you are in you do not need to leave it again before the flight.
Watch out: Standard check-in is 15:00. Book one room from the night of the 15th so kids can nap on arrival."
9/16/2026,Wednesday,2:45 PM,Nap block,,Rest,"Ends 4:00 PM.
Shorter than usual and partly already served by the drive over the bridge. Do not stretch it — tonight is the last chance to swim."
9/16/2026,Wednesday,4:15 PM,"Wonderbox, or just the room",Paradise City,Excursion,"Ends 6:00 PM.
Indoors and shaded by design today. Wonderbox is Paradise City's indoor family theme park and is the right size and temperature for a two-year-old — carousel scale, not roller-coaster scale. The complex also has extensive public art you can walk through for free. This is now your one clear water day: the mole removal sits on the 17th, so nobody is under a no-swimming restriction yet.
Fallback: The hotel room and a long bath is a perfectly good version of this.
Note: Swim today if anyone wants to. Tomorrow's procedure closes the water for seven to ten days.
Verify: Confirm Wonderbox hours and whether the hotel bundles admission.
Watch out: Cimer refuses children under seven. It only works as an adults-only split shift.
Note: Ask for the 50% guest coupon. The ₩60,000 aqua pass drops to about ₩30,000, and the aqua zone shuts at 19:00.
Source: https://www.p-city.com/front/wonderbox/overview
Where: Paradise City complex, on site"
9/16/2026,Wednesday,6:30 PM,Dinner at the resort,,Dining,"Ends 7:45 PM.
There is very little walkable off-site dining out here. Plan to eat in.
Verify: Confirm on-site restaurant options and whether any take a booking for nine."
9/17/2026,Thursday,8:15 AM,"Early breakfast, clinic party only (Three adults — NaRhee, Jun, Ann)",Hyatt Regency Incheon,Dining,"Ends 9:15 AM.
The 10:00 slot is the first appointment of the day and Rene Clinic is eight to twelve minutes away rather than five, so this one breakfast starts at 08:15. It is still unhurried — an hour at the table and you are walking out at 09:30 with time to spare for first-visit paperwork.
Note: Only the clinic party eats early. Everyone else keeps the 09:00 breakfast.
Where: Hyatt Regency Incheon Paradise City"
9/17/2026,Thursday,9:00 AM,"Breakfast, no rush (Everyone else)",Hyatt Regency Incheon,Dining,"Ends 10:15 AM.
Nobody else has to be up early today. Last full morning of the trip, the pool is right there, and there is nothing on the schedule until lunch.
Where: Hyatt Regency Incheon Paradise City"
9/17/2026,Thursday,9:30 AM,"Out to the clinic (Three adults — NaRhee, Jun, Ann)","르네의원, 하늘중앙로195번길 21",Commute,"Ends 9:45 AM.
Rene Clinic sits in the Haneul-dosi (Sky City) district rather than the Unseo cluster, which makes it eight to twelve minutes by taxi instead of five — still on-island, so no toll. Leaving at 09:30 gives you the drive plus fifteen minutes to get three first-visit foreign patients through the paperwork before the 10:00 slot starts.
Cost: About ₩7,000–₩10,000 by taxi, on-island, no toll
Fallback: If no taxi materialises at the door, the resort front desk will call one. Do not plan on the Incheon Airport Maglev — it was reclassified as a tourist train, runs 10:00 to 17:00 Tuesday to Sunday only, and does not go near Haneul-dosi.
Verify: Confirm the taxi the night before. Show the driver: 인천광역시 영종구 하늘중앙로195번길 21, 에스디메디컬 3층.
Source: https://www.incheon.go.kr/IC010205/view?repSeq=DOM_0000000013303245
Where: SD Medical Building, 21 Haneul-jungangno 195beon-gil, Yeongjong-gu — Haneul-dosi, about 8–12 minutes from Paradise City"
9/17/2026,Thursday,9:30 AM,Nap window — 7mo,,Rest,"Ends 11:00 AM.
Nap window. Everything else on this day is sequenced around it — shift the nap, and check what it collides with."
9/17/2026,Thursday,10:00 AM,"Mole removal · Rene Clinic (Three adults — NaRhee, Jun, Ann)","르네의원, 하늘중앙로195번길 21",Medical,"Ends 12:00 PM.
From your sheet: NaRhee, Jun, and Ann.
BOOKED — confirmed, do not move.
Confirmed for 10:00, the first slot of the day, for three adults. Budget two hours and expect to use less. A Korean derm clinic runs this as a pipeline: a ten-to-fifteen-minute consult each, numbing cream applied as each consult ends and left on fifteen to twenty minutes, then three to ten minutes of actual laser or shave per mole. Because the numbing on patient one is working while patient two is being consulted, three people take far less than three times one person — realistically out around 11:30, not 13:00. What pushes it long is first-visit paperwork in a second language, anyone turning out to have more moles than expected, and three separate payments at the end. Placed on the last full day deliberately: doing it here means you carry no healing wound through twelve days of Seoul heat, sun, and markets, and it leaves Wednesday's water park genuinely usable instead of theoretically off-limits. The cost of the placement is that you leave the country roughly thirty hours later — fine for a routine shave or laser removal, and the thing to reconsider if the doctor wants to cut deeper.
Cost: Not published. Incheon rates generally run ₩10,000–₩20,000 for a small or medium flat mole, typically 10–30% below Gangnam, with multiple moles often priced as a package. Add roughly ₩30,000–₩60,000 if anything goes to biopsy. Confirm the price at the desk before the procedure starts.
Fallback: If Rene cancels, Yes Dermatology (032-752-9730) in the Unseo cluster is five minutes from the resort and also opens 10:00 Thursday, with two board-certified dermatologists. Yeongjong Central Dermatology (032-746-3200) and Doctors Dermatology Yeongjong (032-710-2346) are in the same cluster on the same hours.
Watch out: 13:00 is the real deadline, not 14:00 — the clinic shuts 13:00–14:00 for lunch.
Note: Three patients on one doctor. Realistically out by 11:30; the room is held to 12:00.
Watch out: Ask whether anything goes to pathology. If the doctor wants a biopsy, defer to Seattle.
Watch out: If the doctor recommends sutures instead of a shave, don't do it 30 hours before a ten-hour flight.
Verify: Ask if Dr. Moon Seong-ho (문성호) is a 피부과 전문의. Check akd.or.kr/dermatologist/verify.
Verify: Ask for aftercare instructions in English, in writing. Use the hotel concierge by phone if needed.
Watch out: Buy dressings, ointment, and silicone gel before you leave the clinic.
Watch out: No swimming, sauna, or hot tub for seven to ten days from today.
Note: Photograph the wound with a ruler today and tomorrow for a Seattle dermatologist.
Verify: Confirm the clinic takes foreign cards. Three separate payments will be slower.
Source: https://rene-clinic.com/
Where: Rene Clinic (르네의원), 3F Rooms 304–308, SD Medical Building, 21 Haneul-jungangno 195beon-gil, Yeongjong-gu, Incheon · 인천광역시 영종구 하늘중앙로195번길 21, 에스디메디컬 3층 304–308호 · +82 32-716-5716 · Thursday hours 10:00–20:00 with a 13:00–14:00 lunch break"
9/17/2026,Thursday,10:15 AM,"Resort morning, whatever anyone feels like (Everyone else)",,Rest,"Ends 12:15 PM.
Pool for whoever can, grounds for whoever wants, room for whoever needs it. No group activity, and no waiting around for the clinic party — start lunch without them if they run late."
9/17/2026,Thursday,11:30 AM,Nap window — 5mo,,Rest,"Ends 1:00 PM.
Nap window. Everything else on this day is sequenced around it — shift the nap, and check what it collides with."
9/17/2026,Thursday,12:00 PM,"Back to the resort (Three adults — NaRhee, Jun, Ann)",,Commute,"Ends 12:15 PM.
Ask the clinic to call the return taxi before you walk out. Ten minutes later you are back. If you finish closer to 11:30, you get the spare half hour back at the pool."
9/17/2026,Thursday,12:15 PM,Lunch on site,,Dining,"Ends 1:15 PM.
Eat inside the complex. This is the last full day and nobody needs a taxi for lunch. The clinic party may walk in a few minutes late — start without them."
9/17/2026,Thursday,1:00 PM,Nap window — Toddler,,Rest,"Ends 3:00 PM.
Nap window. Everything else on this day is sequenced around it — shift the nap, and check what it collides with."
9/17/2026,Thursday,1:15 PM,Nap block,,Rest,Ends 3:15 PM.
9/17/2026,Thursday,3:30 PM,Pack properly,,Admin,"Ends 5:00 PM.
All the skincare into checked bags. Formula, milk, snacks, and a full change of clothes per child into the cabin bag. Passports and boarding passes somewhere one person is responsible for.
Watch out: Pack every Myeongdong liquid and gel in checked luggage before you reach the airport."
9/17/2026,Thursday,4:00 PM,Sunset somewhere near the water (Whoever wants it),,Excursion,"Ends 5:30 PM.
Yeongjong has west-facing coast and the sunsets are the reason people stay out here. Late afternoon rather than midday keeps it off anyone's healing skin.
Fallback: Drop it without a second thought if the day has been enough.
Verify: Confirm sunset time and a viewpoint a short taxi ride from the hotel."
9/17/2026,Thursday,6:30 PM,Last dinner,,Dining,"Ends 8:00 PM.
Twelve days, nine people, everybody still speaking to each other. Book something good."
9/18/2026,Friday,9:00 AM,Last breakfast,Hyatt Regency Incheon,Dining,"Ends 10:00 AM.
Nine o'clock, like the rest of the trip. The car to Terminal 2 does not leave until 13:00, so there is room for a proper last meal without anyone watching a clock.
Where: Hyatt Regency Incheon Paradise City"
9/18/2026,Friday,10:15 AM,Wound check before the flight (Whoever had it removed),,Medical,"Ends 10:30 AM.
About twenty-four hours on. Look at it in good daylight, change the dressing, and photograph it with a ruler in frame — that photo is what a Seattle dermatologist will compare against. Then dress it clean for the flight, because cabin air is dry and ten hours is a long time.
Fallback: If it looks wrong — spreading redness, heat, or weeping that will not stop — call Rene Clinic on +82 32-716-5716 the moment they open at 10:00, not from the airport. You are ten minutes from them this morning and you will be nine thousand kilometres away tonight. Even a 10:00 call leaves three hours before the car leaves.
Watch out: Pack ointment and spare dressings in your cabin bag. Redress it once mid-flight.
Note: Take the second wound photo. Use the same ruler and light if you can."
9/18/2026,Friday,10:30 AM,"Slow morning, bags down",,Rest,"Ends 11:45 AM.
Checkout is usually 11:00. Store the bags and use the lobby until you leave."
9/18/2026,Friday,11:45 AM,Early lunch before the airport,,Dining,"Ends 12:45 PM.
Eat properly now. Airside with nine people is not where you want to be solving lunch."
9/18/2026,Friday,1:00 PM,To Incheon Terminal 2,Incheon International Airport Terminal 2,Commute,"Ends 1:30 PM.
About twenty minutes from the hotel to Terminal 2, so you are checking in around 13:30 for a 16:40 departure. With three car seats to check, a stroller to tag, and tax-free refunds to claim, three hours is the right number rather than a generous one.
Watch out: Korean Air international check-in closes at 15:40. That's the real deadline.
Watch out: Claim tax-free refunds before security. Afternoon desk queues can be bad.
Verify: Paradise City's Terminal 2 shuttle is less frequent. Book a private van for nine people with luggage.
Source: https://newsroom.hyatt.com/Hyatt_Regency_Incheon_Paradise_City_Opens_Today
Where: ICN Terminal 2 · Korean Air departures"
9/18/2026,Friday,4:40 PM,KE041 · Incheon to Seattle,Incheon International Airport,Commute,"BOOKED — confirmed, do not move.
Arrives Seattle 10:40 the same day, 18 September. You land before you took off, which is the only good thing about flying east.
Where: ICN → SEA"
9/18/2026,Friday,,"The Friday-morning fallback (Three adults — NaRhee, Jun, Ann)",예스피부과의원,Medical,"Timing: Only if Rene cancels.
Thursday 10:00 at Rene Clinic is confirmed, so this is now a cancellation fallback rather than a live option — keep it only because a clinic can call on Wednesday night. The math is much tighter than it used to be, because it is three patients rather than one: Yeongjong clinics open at 10:00, three people take roughly ninety minutes end to end, and the car to Terminal 2 leaves at 13:00. A 10:00 start in the Unseo cluster has you back at the hotel around 11:45 — enough, but it is a single buffer with nothing behind it.
Fallback: If the only Friday slot offered is after 10:30, decline it and have the removal done in Seattle instead. Three patients starting at 11:00 finish too close to a 13:00 departure, and no mole is worth a missed flight with nine people.
Watch out: For the 10:00 fallback appointment, eat at 08:15 and walk out by 09:30.
Watch out: Friday means no wound check before the ten-hour flight. That's why Thursday was booked.
Note: Keep the wound covered with the hydrocolloid patch, and reapply ointment right before boarding.
Watch out: Korean Air check-in closes at 15:40. Leaving the hotel at 13:00 gives a buffer, not endless time.
Where: Unseo-dong, five minutes away. Yes Dermatology (032-752-9730) and Yeongjong Central (032-746-3200) both open 10:00 Friday, and TheYul in Cheongna opens 10:00 Friday too if you need a third. Rene itself is open 10:00–20:00 Friday if the cancellation is yours rather than theirs."
9/18/2026,Friday,,Nap window — All three,,Rest,"Timing: on board until eventually.
Nap window. Everything else on this day is sequenced around it — shift the nap, and check what it collides with."
